datetime,pnl,entry_price,exit_price,return,in_sample
2021-01-11 20:00:00,2105.2099999999955,32284.74,34399.95,0.06520758723780942,True
2021-01-12 04:00:00,-397.83000000000175,35019.09,35406.92,-0.011360375155379588,True
2021-01-12 12:00:00,-1004.6299999999974,35452.47,36447.1,-0.028337376775158327,True
2021-01-12 20:00:00,-870.239999999998,34722.18,33861.94,-0.02506294247653799,True
2021-01-13 12:00:00,-597.4500000000044,34431.81,35019.26,-0.017351687291490177,True
2021-01-15 16:00:00,-352.97000000000116,35692.45,36035.42,-0.00988920626070783,True
2021-01-16 00:00:00,-1509.8700000000026,36755.25,35255.38,-0.04107902952639426,True
2021-01-17 12:00:00,-493.0599999999977,35270.82,34787.76,-0.013979261043548113,True
2021-01-18 04:00:00,-737.4700000000012,35148.25,35875.72,-0.02098169894660477,True
2021-01-20 00:00:00,-257.3700000000026,35891.74,36139.11,-0.007170730647218625,True
2021-01-25 20:00:00,-1069.1700000000055,33449.84,34509.01,-0.031963381588671444,True
2021-01-29 08:00:00,-1456.6100000000006,32307.25,33753.86,-0.04508616487011431,True
2021-01-29 20:00:00,-2719.4400000000023,34360.0,37069.44,-0.07914551804423756,True
2021-01-30 08:00:00,-786.5500000000029,34076.55,33300.0,-0.02308185541083246,True
2021-02-01 04:00:00,20.639999999999418,33600.37,33631.01,0.0006142789499044033,True
2021-02-01 16:00:00,-657.1500000000015,33181.26,33828.41,-0.019804853703566452,True
2021-02-02 00:00:00,-331.5699999999997,33546.08,33867.65,-0.009884016254656272,True
2021-02-07 16:00:00,3693.980000000003,37965.79,34261.81,0.09729759343872478,True
2021-02-23 16:00:00,-2256.0399999999936,48632.45,46386.41,-0.046389602004422846,True
2021-02-24 08:00:00,-752.8399999999965,50148.93,50891.77,-0.015012085003608183,True
2021-02-25 00:00:00,-690.8300000000017,49702.05,49021.22,-0.013899426683607653,True
2021-02-26 12:00:00,644.1800000000003,46433.79,47087.97,0.013873086818887716,True
2021-03-01 20:00:00,-915.2400000000052,48279.27,49184.51,-0.01895720461390583,True
2021-03-03 00:00:00,-969.2900000000009,48454.21,47494.92,-0.020004247308954184,True
2021-03-05 20:00:00,-1288.6599999999962,49298.42,48019.76,-0.02613998582510345,True
2021-03-06 20:00:00,-188.99000000000524,48361.33,48182.34,-0.003907874328518368,True
2021-03-15 08:00:00,8914.150000000001,57832.36,48908.21,0.1541377526353758,True
2021-03-23 16:00:00,344.8399999999965,55216.58,55571.42,0.006245225618826745,True
2021-03-24 20:00:00,-1810.3799999999974,54788.87,56589.25,-0.03304284246052159,True
2021-03-27 04:00:00,-278.2900000000009,54761.71,55030.0,-0.00508183546496267,True
2021-03-27 20:00:00,-1032.5800000000017,55784.29,54761.71,-0.018510229313665222,True
2021-04-08 08:00:00,-701.9300000000003,57065.97,56374.04,-0.012300325395327553,True
2021-04-16 12:00:00,3134.25,60939.48,57795.23,0.051432175003790645,True
2021-04-18 08:00:00,-1377.489999999998,56216.96,54849.47,-0.024503103689704993,True
2021-04-27 16:00:00,-169.04999999999563,54985.01,55144.06,-0.0030744742976312202,True
2021-04-28 20:00:00,-472.4099999999962,55447.42,54985.01,-0.008519963597945518,True
2021-04-30 08:00:00,497.75,54354.01,54861.76,0.00915755801641866,True
2021-05-02 04:00:00,-639.1399999999994,56510.0,57139.14,-0.011310210582197831,True
2021-05-04 08:00:00,-445.8899999999994,55955.03,55519.14,-0.007968720595807015,True
2021-05-04 16:00:00,-2088.3199999999997,53876.71,55955.03,-0.03876108990322534,True
2021-05-05 04:00:00,-1008.2799999999988,54874.99,53876.71,-0.018374126355193848,True
2021-05-05 20:00:00,-362.68999999999505,57243.4,57596.09,-0.006335926936555045,True
2021-05-07 12:00:00,-750.5400000000009,56510.55,55770.01,-0.013281413824498272,True
2021-05-11 20:00:00,-838.9800000000032,56657.11,55828.13,-0.014808026741921767,True
2021-05-13 08:00:00,5568.699999999997,50893.36,56472.06,0.10941898903904158,True
2021-06-10 04:00:00,-434.54999999999563,36945.44,37369.99,-0.011761938685802513,True
2021-06-10 16:00:00,-922.9700000000012,36893.51,37806.48,-0.025017137160438276,True
2021-06-11 16:00:00,-567.2300000000032,36805.78,37363.01,-0.015411438094777593,True
2021-06-12 04:00:00,-1657.5599999999977,35576.0,37223.56,-0.04659208455138289,True
2021-06-17 00:00:00,724.8600000000006,38344.97,37610.11,0.01890365281287221,True
2021-06-18 00:00:00,-388.4300000000003,38060.71,37682.28,-0.010205537416406585,True
2021-06-19 12:00:00,1759.989999999998,35920.0,37689.99,0.048997494432071215,True
2021-06-28 12:00:00,-918.1200000000026,34098.1,35006.22,-0.02692584044272269,True
2021-06-28 20:00:00,-532.4100000000035,34425.0,34947.41,-0.01546579520697178,True
2021-06-30 12:00:00,-6.25,34844.9,34841.15,-0.00017936627741792915,True
2021-07-01 00:00:00,-196.48999999999796,35031.39,34844.9,-0.005608969555589943,True
2021-07-02 16:00:00,423.5599999999977,33686.5,34120.06,0.012573582889287924,True
2021-07-05 04:00:00,-260.8000000000029,34345.63,34596.43,-0.007593396889211318,True
2021-07-06 12:00:00,-826.4499999999971,34037.01,34853.46,-0.024280922442952452,True
2021-07-08 00:00:00,-864.0300000000061,33845.63,34699.66,-0.02552855420330501,True
2021-07-12 12:00:00,-739.0999999999985,33524.78,34253.88,-0.02204637882784014,True
2021-07-23 00:00:00,-223.72000000000116,32268.12,32481.84,-0.006933158795740228,True
2021-07-24 00:00:00,-1420.609999999997,33631.74,32221.13,-0.04224015766059077,True
2021-08-31 08:00:00,-773.8600000000006,47788.55,47024.69,-0.01619341871640802,True
2021-09-01 12:00:00,-604.6699999999983,47744.99,47150.32,-0.012664574859058475,True
2021-09-08 12:00:00,223.99000000000524,46406.56,46640.55,0.0048266882957927765,True
2021-09-19 12:00:00,246.9800000000032,47344.16,47087.18,0.005216694097012244,True
2021-09-19 16:00:00,-322.4599999999991,47656.62,47344.16,-0.006766321237217392,True
2021-09-19 20:00:00,-276.63000000000466,47389.99,47656.62,-0.005837308680588552,True
2021-09-22 04:00:00,5334.3299999999945,42045.66,47389.99,0.12686993140314587,True
2021-10-21 16:00:00,18276.229999999996,63040.21,44753.98,0.2899138502235319,True
2021-10-28 12:00:00,-2390.75,60996.41,58615.66,-0.039194929668811655,True
2021-11-01 08:00:00,-2336.439999999995,62257.67,59931.23,-0.037528548691269606,True
2021-11-05 20:00:00,-329.9799999999959,61152.78,60832.8,-0.005395993444615207,True
2021-11-06 00:00:00,-156.77999999999884,61006.0,61152.78,-0.0025699111562796913,True
2021-11-06 04:00:00,-173.15000000000146,61169.15,61006.0,-0.002830675266862486,True
2021-11-06 08:00:00,-353.27999999999884,60825.87,61169.15,-0.00580805502658653,True
2021-11-06 20:00:00,-404.1299999999974,61220.0,60825.87,-0.006601274093433476,True
2021-11-11 00:00:00,3690.1299999999974,64920.13,61220.0,0.05684107533364455,True
2021-11-12 20:00:00,-687.8799999999974,63892.78,63214.9,-0.010766161685248276,True
2021-11-17 12:00:00,2875.479999999996,60769.01,63654.49,0.04731819721927338,True
2021-12-01 20:00:00,-1183.8399999999965,57476.3,58650.14,-0.02059701128987072,True
2021-12-22 12:00:00,-267.7199999999939,48979.41,49237.13,-0.005465970292414585,True
2021-12-24 00:00:00,-274.4099999999962,50817.94,51082.35,-0.00539986469345267,True
2021-12-30 12:00:00,1694.9100000000035,47493.0,49197.91,0.03568757501105434,True
2022-02-02 04:00:00,-150.2300000000032,38540.28,38680.51,-0.003897999703167782,True
2022-02-04 00:00:00,1242.949999999997,37287.33,38540.28,0.033334379265021044,True
2022-02-12 00:00:00,2874.269999999997,42365.99,39481.72,0.06784380584520737,True
2022-02-21 08:00:00,2631.800000000003,39266.0,41907.8,0.06702490704426228,True
2022-03-04 04:00:00,638.2999999999956,41441.1,40792.8,0.015402583425632901,True
2022-03-07 16:00:00,1622.2999999999956,39062.3,40694.6,0.041531092639194196,True
2022-03-10 04:00:00,-443.0,40765.4,41198.4,-0.01086705882930132,True
2022-03-11 12:00:00,-668.3000000000029,39878.3,39220.0,-0.016758487698823744,True
2022-03-15 04:00:00,-915.1999999999971,38746.4,39651.6,-0.023620258914376486,True
2022-03-16 00:00:00,-469.79999999999563,39270.9,39730.7,-0.011963056614439587,True
2022-04-01 00:00:00,5003.0,45505.9,40492.9,0.1099417877681795,True
2022-04-10 20:00:00,1575.300000000003,43217.2,44802.5,0.03645076497320518,True
2022-04-20 16:00:00,-833.6999999999971,41247.0,42070.7,-0.02021237908211499,True
2022-04-21 20:00:00,-475.3000000000029,41208.6,41673.9,-0.011534000184427594,True
2022-05-05 08:00:00,-279.79999999999563,39585.4,39855.2,-0.007068262541239842,True
2022-05-10 08:00:00,5273.700000000001,31602.8,36886.5,0.16687445416228944,True
2022-06-01 20:00:00,-239.09999999999854,30116.5,30345.6,-0.007939169558215548,True
2022-06-03 08:00:00,-22.899999999997817,30424.2,30437.1,-0.0007526902925959537,True
2022-06-06 04:00:00,-820.7999999999993,31235.0,30424.2,-0.026278213542500376,True
2022-06-07 16:00:00,-338.5,29876.0,29547.5,-0.011330164680680144,True
2022-06-08 04:00:00,-1054.4000000000015,30006.0,31050.4,-0.035139638738918934,True
2022-06-08 20:00:00,-431.7000000000007,30126.2,30547.9,-0.014329719646022422,True
2022-06-09 12:00:00,-200.70000000000073,30286.7,30477.4,-0.006626671113062853,True
2022-07-10 16:00:00,0.5,20892.5,20882.0,2.3932033026205577e-05,True
2022-07-11 00:00:00,-69.20000000000073,20853.8,20913.0,-0.0033183400627224166,True
2022-07-13 12:00:00,1010.7999999999993,19833.0,20853.8,0.05096556244642764,True
2022-07-16 08:00:00,-72.0,20541.0,20603.0,-0.0035051847524463268,True
2022-07-16 12:00:00,-73.70000000000073,20604.7,20541.0,-0.0035768538246128663,True
2022-07-21 04:00:00,2159.7000000000007,22774.4,20604.7,0.09483016017985109,True
2022-07-25 08:00:00,-103.10000000000218,21951.2,21858.1,-0.004696781952695168,True
2022-07-26 00:00:00,-661.2000000000007,21300.0,21951.2,-0.031042253521126793,True
2022-07-27 00:00:00,49.0,21241.0,21300.0,0.0023068593757356055,True
2022-08-01 00:00:00,516.2999999999993,23290.1,22763.8,0.022168217397091437,True
2022-08-05 04:00:00,-729.4000000000015,23158.5,22439.1,-0.03149599499104007,True
2022-08-10 12:00:00,-268.09999999999854,23108.3,22850.2,-0.011601891960897105,True
2022-08-20 08:00:00,2080.5,21295.2,23385.7,0.09769807280513919,True
2022-09-13 16:00:00,190.3000000000029,20823.9,20623.6,0.009138537929974832,True
2022-09-17 20:00:00,260.90000000000146,20001.1,20272.0,0.013044282564459029,True
2022-09-27 16:00:00,-216.70000000000073,19885.3,20092.0,-0.01089749714613311,True
2022-09-28 16:00:00,-419.2000000000007,19477.9,19068.7,-0.021521827301711205,True
2022-09-29 00:00:00,-137.29999999999927,19407.4,19534.7,-0.00707462102084768,True
2022-09-30 04:00:00,-198.5,19394.0,19582.5,-0.010235124265236671,True
2022-09-30 12:00:00,-140.5,19430.3,19560.8,-0.00723097430302157,True
2022-09-30 20:00:00,-292.7000000000007,19466.8,19749.5,-0.015035855918795115,True
2022-10-07 16:00:00,26.299999999999272,19574.1,19537.8,0.001343612222273273,True
2022-10-13 20:00:00,203.1999999999971,19360.9,19574.1,0.01049537986353925,True
2022-10-14 08:00:00,-183.0,19633.2,19806.2,-0.00932094615243567,True
2022-10-17 12:00:00,-109.89999999999782,19452.8,19352.9,-0.00564957229807523,True
2022-10-23 20:00:00,-138.20000000000073,19492.3,19364.1,-0.007089979119960227,True
2022-10-24 20:00:00,-54.10000000000218,19335.9,19291.8,-0.0027979044161379704,True
2022-10-25 08:00:00,-49.0,19296.9,19335.9,-0.0025392679653208545,True
2022-10-25 16:00:00,-453.3999999999978,19740.3,19296.9,-0.022968242630557682,True
2022-11-10 04:00:00,3778.899999999998,16351.7,20140.6,0.23110135337610144,True
2022-12-07 08:00:00,-91.39999999999782,16755.4,16836.8,-0.005454957804647923,True
2022-12-08 16:00:00,-162.29999999999927,16907.7,16755.4,-0.009599176706470973,True
2022-12-12 04:00:00,-8.700000000000728,16909.0,16907.7,-0.0005145188952629208,True
2022-12-12 16:00:00,-101.0,17000.0,16909.0,-0.005941176470588235,True
2022-12-16 12:00:00,8.700000000000728,17018.7,17000.0,0.0005112023832608088,True
2022-12-27 04:00:00,-54.70000000000073,16868.1,16912.8,-0.0032428074294082163,True
2023-01-04 04:00:00,2.1999999999970896,16855.9,16868.1,0.00013051809752057675,True
2023-01-06 16:00:00,-112.59999999999854,16834.1,16731.5,-0.006688804272280582,True
2023-02-09 04:00:00,5667.5,22511.6,16834.1,0.25175909308978484,True
2023-02-17 00:00:00,1083.5999999999985,23526.6,22433.0,0.04605850399122689,True
2023-02-26 20:00:00,-163.90000000000146,23491.0,23337.1,-0.00697714018134611,True
2023-02-27 08:00:00,-144.10000000000218,23411.1,23545.2,-0.00615519988381589,True
2023-02-27 20:00:00,-294.0,23262.5,23546.5,-0.012638366469639978,True
2023-02-28 20:00:00,-270.0,23251.1,23511.1,-0.01161235382412015,True
2023-03-01 20:00:00,-376.7999999999993,23342.8,23709.6,-0.016142022379491718,True
2023-03-02 04:00:00,-142.70000000000073,23487.1,23619.8,-0.006075675583618273,True
2023-03-15 16:00:00,2483.7999999999993,24480.0,21986.2,0.10146241830065357,True
2023-04-23 00:00:00,1430.7999999999993,27807.2,29248.0,0.05145429960585745,True
2023-04-26 20:00:00,-1078.7999999999993,27871.9,28940.7,-0.038705649776297965,True
2023-05-01 04:00:00,-341.0,28545.6,28876.6,-0.011945799002298078,True
2023-05-03 00:00:00,-30.099999999998545,28656.4,28676.5,-0.0010503761812369504,True
2023-05-04 00:00:00,-372.0,29018.4,28656.4,-0.012819452485319658,True
2023-05-06 20:00:00,-284.0,28831.9,28557.9,-0.00985020064581245,True
2023-05-07 04:00:00,-51.10000000000218,28790.8,28831.9,-0.0017748725287245295,True
2023-05-07 08:00:00,-111.0,28891.8,28790.8,-0.0038419205449297033,True
2023-05-08 00:00:00,-482.2999999999993,28419.5,28891.8,-0.016970741920160428,True
2023-05-10 16:00:00,268.2999999999993,28141.2,28419.5,0.009534063934729126,True
2023-05-23 08:00:00,-68.90000000000146,27295.8,27354.7,-0.0025241978619421836,True
2023-05-23 12:00:00,-41.20000000000073,27327.0,27295.8,-0.001507666410509779,True
2023-05-23 20:00:00,-165.29999999999927,27171.7,27327.0,-0.006083535443126461,True
2023-05-26 16:00:00,424.2000000000007,26737.5,27171.7,0.015865357643758793,True
2023-05-31 08:00:00,-34.099999999998545,27150.4,27174.5,-0.0012559667629205662,True
2023-06-02 20:00:00,-91.09999999999854,27231.5,27150.4,-0.0033453904485613553,True
2023-06-03 04:00:00,-110.59999999999854,27130.9,27231.5,-0.004076532662020005,True
2023-06-03 08:00:00,-40.5,27161.4,27130.9,-0.0014910866155647352,True
2023-06-03 12:00:00,-50.400000000001455,27121.0,27161.4,-0.0018583385568379284,True
2023-06-03 16:00:00,-181.79999999999927,27292.8,27121.0,-0.0066610974322898085,True
2023-06-03 20:00:00,-217.89999999999782,27084.9,27292.8,-0.008045073085003003,True
2023-06-04 12:00:00,-115.89999999999782,27190.8,27084.9,-0.004262471129940929,True
2023-06-05 00:00:00,-98.39999999999782,27102.4,27190.8,-0.003630674774189659,True
2023-06-06 20:00:00,19.100000000002183,27073.3,27102.4,0.0007054921269295647,True
2023-06-13 12:00:00,708.8000000000029,26178.1,26896.9,0.027076067399849604,True
2023-07-07 00:00:00,3493.2000000000007,29874.3,26371.1,0.11692993643365705,True
2023-07-07 04:00:00,-257.7999999999993,30122.1,29874.3,-0.008558500237367225,True
2023-07-14 20:00:00,-32.19999999999709,30099.9,30122.1,-0.0010697709959168332,True
2023-07-15 08:00:00,-227.79999999999927,30317.7,30099.9,-0.007513762587531352,True
2023-07-15 12:00:00,-29.200000000000728,30298.5,30317.7,-0.0009637440797399451,True
2023-07-16 16:00:00,-77.40000000000146,30365.9,30298.5,-0.0025489117727451336,True
2023-07-16 20:00:00,-136.3000000000029,30239.6,30365.9,-0.004507334753105296,True
2023-07-20 12:00:00,-44.400000000001455,30274.0,30239.6,-0.0014666050075973264,True
2023-07-20 16:00:00,-491.09999999999854,29792.9,30274.0,-0.016483793118494624,True
2023-08-02 00:00:00,81.70000000000073,29701.2,29792.9,0.0027507306102110595,True
2023-08-08 12:00:00,-125.59999999999854,29428.1,29312.5,-0.004268029536395436,True
2023-08-11 16:00:00,-55.19999999999709,29382.9,29428.1,-0.0018786437009279916,True
2023-08-12 00:00:00,-42.599999999998545,29415.5,29382.9,-0.0014482160765582276,True
2023-08-12 04:00:00,-37.5,29388.0,29415.5,-0.0012760310330747243,True
2023-08-12 08:00:00,-32.20000000000073,29410.2,29388.0,-0.0010948582464587362,True
2023-08-13 08:00:00,-34.60000000000218,29385.6,29410.2,-0.001177447457258051,True
2023-08-13 20:00:00,-50.400000000001455,29426.0,29385.6,-0.0017127710188269373,True
2023-08-14 00:00:00,-142.70000000000073,29293.3,29426.0,-0.004871421109946668,True
2023-08-14 08:00:00,-127.10000000000218,29410.4,29293.3,-0.004321600522264307,True
2023-08-14 20:00:00,-66.70000000000073,29353.7,29410.4,-0.002272285946916427,True
2023-08-15 00:00:00,-75.79999999999927,29419.5,29353.7,-0.0025765223746154514,True
2023-08-15 04:00:00,-42.599999999998545,29386.9,29419.5,-0.0014496255134089865,True
2023-08-23 20:00:00,2761.7000000000007,26615.2,29386.9,0.10376401454807782,True
2023-08-30 16:00:00,-229.5,27191.9,27411.4,-0.008440013386339314,True
2023-09-08 00:00:00,658.7000000000007,26240.7,26909.4,0.025102226693647683,True
2023-09-12 20:00:00,-45.10000000000218,26052.1,26087.2,-0.0017311464334929692,True
2023-09-13 12:00:00,-142.70000000000073,26184.8,26052.1,-0.005449726558919707,True
2023-09-24 20:00:00,237.70000000000073,26432.5,26184.8,0.008992717298779939,True
2023-09-27 12:00:00,-333.2000000000007,26755.7,26432.5,-0.01245342114016829,True
2023-09-28 08:00:00,-162.29999999999927,26445.7,26293.4,-0.006137103574494125,True
2023-10-11 04:00:00,545.0,27000.7,26445.7,0.020184661879136465,True
2023-10-16 00:00:00,-149.09999999999854,27139.8,27000.7,-0.005493776667477231,True
2023-11-14 20:00:00,8156.200000000001,35306.0,27139.8,0.2310145584319946,True
2023-11-16 20:00:00,367.3000000000029,35936.4,35559.1,0.010220834585545655,True
2023-11-22 04:00:00,-651.8000000000029,36378.8,35737.0,-0.017917028599074264,True
2023-11-27 20:00:00,-135.1999999999971,36868.5,36743.3,-0.003667087079756353,True
2023-12-11 16:00:00,4946.0999999999985,41824.6,36868.5,0.11825815429197167,True
2023-12-12 00:00:00,-481.79999999999563,41271.1,40799.3,-0.011674028557513505,True
2023-12-13 08:00:00,-297.70000000000437,41146.3,40858.6,-0.007235158446810633,True
2023-12-13 12:00:00,-121.0,41035.3,41146.3,-0.0029486807699712196,True
2023-12-13 16:00:00,-934.6999999999971,41960.0,41035.3,-0.022275977121067613,True
2023-12-18 00:00:00,-573.4000000000015,41396.6,41960.0,-0.013851379098766601,True
2023-12-18 20:00:00,-328.09999999999854,41714.7,41396.6,-0.00786533284429706,True
2023-12-26 16:00:00,698.4000000000015,42423.1,41714.7,0.0164627290320604,True
2023-12-27 12:00:00,-646.2000000000044,43059.3,42423.1,-0.015007210985780176,True
2023-12-29 12:00:00,-432.90000000000146,42908.8,42485.9,-0.010088839585353154,True
2023-12-29 16:00:00,-617.2000000000044,42301.6,42908.8,-0.014590464663275252,True
2023-12-31 20:00:00,-368.3000000000029,42659.9,42301.6,-0.008633400453353217,True
2024-01-15 04:00:00,1912.2999999999956,42572.8,44495.1,0.04491835162357175,False
2024-01-27 00:00:00,-249.6999999999971,41806.4,42046.1,-0.00597276971946872,False
2024-01-27 16:00:00,-108.5,41797.5,41699.0,-0.002595849034033136,False
2024-01-28 20:00:00,-36.900000000001455,41770.6,41797.5,-0.0008833964558804866,False
2024-01-29 00:00:00,-260.59999999999854,42021.2,41770.6,-0.006201631557404323,False
2024-02-01 04:00:00,-33.19999999999709,41998.0,42021.2,-0.0007905138339920256,False
2024-02-01 08:00:00,-194.3000000000029,42182.3,41998.0,-0.004606197386107512,False
2024-02-01 12:00:00,-116.5,42075.8,42182.3,-0.002768812476530452,False
2024-02-01 16:00:00,-434.1999999999971,42500.0,42075.8,-0.010216470588235226,False
2024-03-05 20:00:00,18987.300000000003,61497.3,42500.0,0.3087501402500598,False
2024-03-17 04:00:00,-1233.5,66574.5,65351.0,-0.018528115119152228,False
2024-03-19 04:00:00,-1094.5,65930.4,67014.9,-0.016600839673352505,False
2024-03-21 04:00:00,-1178.5999999999913,66707.8,67876.4,-0.017668098783050725,False
2024-03-22 04:00:00,-753.5,66017.8,65274.3,-0.011413588456446595,False
2024-04-01 16:00:00,2384.0999999999913,68280.9,65886.8,0.034916059981634565,False
2024-04-01 20:00:00,-1411.300000000003,69682.2,68280.9,-0.020253378911687676,False
2024-04-02 04:00:00,-2958.0999999999913,66734.1,69682.2,-0.04432666357978891,False
2024-04-03 04:00:00,471.90000000000873,66252.2,66734.1,0.007122782337794197,False
2024-04-05 04:00:00,-608.3999999999942,67885.5,68483.9,-0.008962149501734452,False
2024-04-05 16:00:00,-1272.6000000000058,68200.0,66937.4,-0.018659824046920907,False
2024-04-06 00:00:00,-435.8000000000029,67825.8,67400.0,-0.006425283594148582,False
2024-04-06 12:00:00,-180.90000000000873,67654.9,67825.8,-0.0026738639773321482,False
2024-04-06 16:00:00,-449.1000000000058,68094.0,67654.9,-0.006595294739624722,False
2024-04-10 16:00:00,584.0,68688.0,68094.0,0.008502212904728627,False
2024-04-13 16:00:00,-825.5999999999913,67683.2,66867.6,-0.012198004822466895,False
2024-04-24 16:00:00,-1094.0,64593.5,65677.5,-0.01693668867610518,False
2024-05-04 04:00:00,-165.6999999999971,62698.0,62853.7,-0.002642827522408962,False
2024-05-04 08:00:00,-243.40000000000146,62931.4,62698.0,-0.003867703562927274,False
2024-05-07 20:00:00,93.29999999999563,63034.7,62931.4,0.001480137130818353,False
2024-05-09 20:00:00,604.0999999999985,62420.6,63034.7,0.009677894797550785,False
2024-05-10 16:00:00,-2166.300000000003,60893.7,63050.0,-0.03557510875509294,False
2024-05-14 08:00:00,-707.9000000000015,62002.0,62699.9,-0.011417373633108633,False
2024-05-23 20:00:00,4781.800000000003,67239.1,62447.3,0.0711163593801821,False
2024-05-30 00:00:00,-380.8000000000029,67686.8,67316.0,-0.005625912290136377,False
2024-05-31 16:00:00,-444.1999999999971,67252.6,67686.8,-0.006604949102339494,False
2024-05-31 20:00:00,-477.3999999999942,67720.0,67252.6,-0.007049616066154669,False
2024-06-11 04:00:00,742.1999999999971,68472.2,67720.0,0.010839435566551054,False
2024-06-12 12:00:00,672.1999999999971,67790.0,68472.2,0.009915916801888141,False
2024-06-12 20:00:00,-2224.899999999994,67523.1,69738.0,-0.03295020518903892,False
2024-07-01 08:00:00,-161.0,63265.5,63416.5,-0.002544830911002047,False
2024-07-05 16:00:00,6618.0,56637.5,63265.5,0.11684837784153608,False
2024-07-25 04:00:00,4890.0,64073.9,59173.9,0.07631812641340702,False
2024-08-02 00:00:00,-110.90000000000146,65329.0,65228.1,-0.0016975615729614942,False
2024-08-09 04:00:00,-342.8000000000029,61327.0,61659.8,-0.00558970763285344,False
2024-08-10 20:00:00,-155.0,60989.1,60844.1,-0.0025414377323161024,False
2024-08-11 12:00:00,-427.3000000000029,60637.5,61054.8,-0.007046794475365952,False
2024-08-14 00:00:00,-254.09999999999854,60550.4,60794.5,-0.004196504069337255,False
2024-08-14 04:00:00,-379.6999999999971,60920.1,60550.4,-0.006232754049976889,False
2024-08-14 16:00:00,-1533.199999999997,59396.9,60920.1,-0.025812794943843823,False
2024-08-15 16:00:00,-256.40000000000146,59643.3,59396.9,-0.0042988902357850994,False
2024-08-18 16:00:00,-172.5,59828.8,59991.3,-0.0028832268071564194,False
2024-08-20 04:00:00,-769.6999999999971,60588.5,59828.8,-0.012703730906029975,False
2024-08-20 20:00:00,-708.8000000000029,59482.5,58783.7,-0.011916109780187499,False
2024-08-22 00:00:00,-428.09999999999854,61120.0,61538.1,-0.0070042539267015464,False
2024-08-28 12:00:00,-525.7999999999956,59900.2,59384.4,-0.008777933963492537,False
2024-09-11 00:00:00,-324.70000000000437,57609.2,57923.9,-0.005636252542996681,False
2024-09-11 20:00:00,-777.3000000000029,57560.9,56793.6,-0.013503958416216613,False
2024-09-12 04:00:00,-902.3000000000029,58197.9,57305.6,-0.01550399584864751,False
2024-09-12 20:00:00,-904.1000000000058,58366.3,57472.2,-0.015490103021778077,False
2024-09-17 00:00:00,-336.3000000000029,58187.0,57860.7,-0.005779641500678896,False
2024-09-17 04:00:00,-161.8000000000029,58035.2,58187.0,-0.002787963167181347,False
2024-09-17 08:00:00,-642.9000000000015,58668.1,58035.2,-0.01095825499717907,False
2024-10-01 16:00:00,3935.7000000000044,62613.8,58668.1,0.06285675042881927,False
2024-10-08 00:00:00,-509.8000000000029,62190.6,62690.4,-0.008197380311494067,False
2024-10-08 08:00:00,-320.90000000000146,62291.4,62602.3,-0.005151593960000922,False
2024-10-08 12:00:00,-314.40000000000146,62595.8,62291.4,-0.005022701203595152,False
2024-10-08 16:00:00,-345.90000000000146,62259.9,62595.8,-0.005555742942086342,False
2024-10-11 12:00:00,1109.800000000003,61140.1,62259.9,0.018151753104754538,False
2024-10-13 16:00:00,-32.80000000000291,62195.2,62218.0,-0.0005273718872196393,False
2024-10-13 20:00:00,-514.0,62699.2,62195.2,-0.008197871743180136,False
2024-11-03 04:00:00,5658.400000000009,68367.6,62699.2,0.0827643503647928,False
2024-11-04 20:00:00,-834.3999999999942,67845.6,68670.0,-0.012298513094437873,False
2024-11-15 00:00:00,18496.70000000001,87382.6,68875.9,0.2116748643322585,False
2024-12-11 04:00:00,-1742.0999999999913,97406.9,95674.8,-0.017884769970094434,False
2024-12-19 04:00:00,-992.1999999999971,101163.4,100181.2,-0.009807894950149927,False
2024-12-19 16:00:00,-542.2999999999884,100631.1,101163.4,-0.005388990083582395,False
2024-12-20 16:00:00,3659.7000000000116,96961.4,100631.1,0.03774388571122129,False
2024-12-25 04:00:00,-636.7999999999884,98000.1,98626.9,-0.00649795255310952,False
2024-12-26 08:00:00,-1321.800000000003,97669.5,98981.3,-0.013533395788859398,False
2025-01-07 20:00:00,-292.09999999999127,96433.3,96715.4,-0.003029036650202692,False
2025-01-21 00:00:00,5729.399999999994,102247.7,96508.3,0.056034512267757554,False
2025-01-27 16:00:00,268.3000000000029,101070.8,101349.1,0.0026545748129034588,False
2025-01-29 00:00:00,-751.6000000000058,101279.7,102021.3,-0.007421033040184813,False
2025-01-31 20:00:00,271.59999999999127,102275.7,101994.1,0.0026555672559561193,False
2025-02-03 16:00:00,3462.899999999994,98802.8,102275.7,0.035048601861485645,False
2025-02-04 00:00:00,-548.2999999999884,101293.6,101831.9,-0.005412977720211231,False
2025-02-21 20:00:00,-3132.5,95247.4,98369.9,-0.03288803683880085,False
2025-03-03 04:00:00,-817.1999999999971,92660.0,93467.2,-0.008819339520828804,False
2025-03-04 20:00:00,1834.199999999997,88165.3,90009.5,0.02080410320159969,False
2025-03-06 20:00:00,-2087.600000000006,88488.5,90566.1,-0.023591766161704695,False
2025-03-20 16:00:00,-750.6000000000058,84642.0,85382.6,-0.00886793790316871,False
2025-03-28 08:00:00,17.10000000000582,85175.1,85148.0,0.00020076289901633013,False
2025-03-31 16:00:00,1791.800000000003,83373.3,85175.1,0.02149129277598467,False
2025-04-02 04:00:00,-746.0,84509.5,85245.5,-0.008827409936161023,False
2025-04-03 00:00:00,-4234.399999999994,82485.1,86709.5,-0.05133533207815707,False
2025-04-10 04:00:00,-569.5,81731.9,82291.4,-0.006967903597004352,False
